"ensembl_id","gene_symbol","logFC_discovery","adj.P.Val_discovery","logFC_validation","adj.P.Val_validation","direction","hspc_mean_expr","hspc_status"
"ENSG00000162747","FCGR3B",-8.0576691272085,2.70807741696283e-306,-0.225167444472229,4.8462160109616e-27,"Down",5.94849193548387,"HSPC-low"
"ENSG00000163464","CXCR1",-8.03548504322808,0,-0.182103594052666,2.31105264152527e-55,"Down",5.12127419354839,"HSPC-low"
"ENSG00000086506","HBQ1",-7.8198714063183,1.24194949388266e-273,-0.219821012591998,3.56422912907056e-17,"Down",5.7524,"HSPC-low"
"ENSG00000204936","CD177",-7.39919772780458,1.20839428248654e-184,-0.306493351695098,3.15000578696924e-66,"Down",5.36365806451613,"HSPC-low"
"ENSG00000100985","MMP9",-7.13687727821249,1.01521386700634e-279,-0.330562455651529,2.43889392758843e-53,"Down",5.57315483870968,"HSPC-low"
"ENSG00000115590","IL1R2",-6.80926010894711,8.78715537433346e-153,-0.211108877925416,2.83200701586014e-19,"Down",5.95369193548387,"HSPC-low"
"ENSG00000088882","CPXM1",6.40223759518616,0,0.175519610831773,1.58049783262893e-25,"Up",NA,"Not-evaluated"
"ENSG00000171051","FPR1",-6.35198761558676,6.07335647305338e-258,-0.187755567618466,1.19877256598334e-34,"Down",5.88905,"HSPC-low"
"ENSG00000103569","AQP9",-6.32729666886547,1.66013446424802e-230,-0.183667660254951,6.62847832450658e-15,"Down",5.84726774193548,"HSPC-low"
"ENSG00000148346","LCN2",-6.0762340277237,3.15954452470738e-152,-0.424241420848106,1.54149393089789e-45,"Down",6.73149032258065,"HSPC-low"
"ENSG00000112303","VNN2",-5.77346431313454,2.91442220212907e-213,-0.212888236918481,2.32614385092517e-19,"Down",6.85418387096774,"HSPC-low"
"ENSG00000008438","PGLYRP1",-5.44280859976114,3.06481579524547e-252,-0.395267172491459,1.46175293620461e-36,"Down",5.88223870967742,"HSPC-low"
"ENSG00000105501","SIGLEC5",-5.42081010398219,4.3260373765706e-275,-0.227246248633542,1.59175734166753e-35,"Down",5.89496451612903,"HSPC-low"
"ENSG00000180871","CXCR2",-5.36291112222097,3.63107528999793e-175,-0.206417380774474,9.74094307783098e-34,"Down",6.59253548387097,"HSPC-low"
"ENSG00000163221","S100A12",-5.34736247589798,6.07071225333991e-137,-0.253247558518871,3.67650049275191e-26,"Down",6.64362580645161,"HSPC-low"
"ENSG00000206177","HBM",-5.20341592917436,4.07685281810863e-213,-0.232852125420188,3.30499013621797e-17,"Down",NA,"Not-evaluated"
"ENSG00000182885","ADGRG3",-4.97361929672398,6.5601499941255e-254,-0.176840084992571,1.55081031243293e-25,"Down",5.43077419354839,"HSPC-low"
"ENSG00000115607","IL18RAP",-4.96128072110326,7.90231961468644e-184,-0.312226750396122,2.33636698383763e-48,"Down",5.48173225806452,"HSPC-low"
"ENSG00000229314","ORM1",-4.94636491463867,8.7394549568187e-215,-0.415224047790281,6.29737877911825e-65,"Down",5.66846451612903,"HSPC-low"
"ENSG00000110203","FOLR3",-4.89629534412222,9.65088348639293e-123,-0.274694977289473,1.84209343605575e-34,"Down",5.25998387096774,"HSPC-low"
"ENSG00000138772","ANXA3",-4.88188987519406,1.81818004653292e-144,-0.31623747337611,1.8138883492269e-31,"Down",6.74981290322581,"HSPC-low"
"ENSG00000140932","CMTM2",-4.79982101902055,5.99945893253662e-181,-0.17096835451738,3.9909003659925e-20,"Down",NA,"Not-evaluated"
"ENSG00000164047","CAMP",-4.7179762592968,6.03731500183664e-126,-0.432092672838726,9.72597637022615e-49,"Down",6.42815483870968,"HSPC-low"
"ENSG00000172247","C1QTNF4",4.62878426399436,2.83173804392454e-273,0.163255585794276,8.49615138492885e-10,"Up",NA,"Not-evaluated"
"ENSG00000151948","GLT1D1",-4.53699061443595,9.26876396135143e-153,-0.282795928683174,5.24718851541412e-46,"Down",NA,"Not-evaluated"
"ENSG00000012223","LTF",-4.50181916548433,4.59083523010887e-68,-0.3428403831954,1.65201503863358e-20,"Down",6.46932903225806,"HSPC-low"
"ENSG00000115828","QPCT",-4.46774568152802,3.54863657970395e-161,-0.298204444283284,3.10203836429493e-35,"Down",6.46620322580645,"HSPC-low"
"ENSG00000167434","CA4",-4.4484238612982,1.96960501261632e-123,-0.221518601943153,1.21169877144279e-52,"Down",6.08727258064516,"HSPC-low"
"ENSG00000121316","PLBD1",-4.32369114664252,1.89130971181574e-149,-0.295324874441643,1.71762364525489e-27,"Down",6.53767096774194,"HSPC-low"
"ENSG00000166523","CLEC4E",-4.32167485859839,2.06955612487441e-105,-0.164629929284961,6.00584200803828e-29,"Down",5.72354516129032,"HSPC-low"
"ENSG00000162366","PDZK1IP1",-4.22598678238123,1.30093405438562e-234,-0.175101709390484,2.72782621128292e-19,"Down",5.4804064516129,"HSPC-low"
"ENSG00000257017","HP",-4.13093425296392,6.30285987946115e-154,-0.306289961387501,3.16239468922847e-43,"Down",6.89710322580645,"HSPC-low"
"ENSG00000124107","SLPI",-4.11892361415577,1.35589674292849e-124,-0.259563554377604,1.25548412172025e-31,"Down",5.68988387096774,"HSPC-low"
"ENSG00000183019","MCEMP1",-4.08426414539125,1.4386797135053e-85,-0.206314338400323,3.06145405369673e-28,"Down",NA,"Not-evaluated"
"ENSG00000123689","G0S2",-4.01228887951326,2.2929708770529e-55,-0.203037565570891,8.87543679164637e-17,"Down",6.59937741935484,"HSPC-low"
"ENSG00000171502","COL24A1",3.99842220029937,0,0.225738847438293,1.42403507406375e-29,"Up",NA,"Not-evaluated"
"ENSG00000158517","NCF1",-3.89380686902822,5.37948342626965e-169,-0.173409779701827,4.49778611095376e-19,"Down",5.87350322580645,"HSPC-low"
"ENSG00000183496","MEX3B",3.89236341973891,0,0.178628221424172,4.02583834901728e-23,"Up",NA,"Not-evaluated"
"ENSG00000171049","FPR2",-3.8753362435605,2.26719552434747e-132,-0.182324973877188,5.0667998672987e-40,"Down",5.52939677419355,"HSPC-low"
"ENSG00000158825","CDA",-3.75539207558921,7.28336875830405e-154,-0.297128969015307,5.18128222166357e-30,"Down",5.32272903225806,"HSPC-low"
"ENSG00000160883","HK3",-3.74598514017129,4.56630993613176e-112,-0.277169162305592,1.93415205353888e-21,"Down",5.4448064516129,"HSPC-low"
"ENSG00000111729","CLEC4A",-3.73880931375572,3.87984926464567e-175,-0.178218494483725,5.1870634451498e-24,"Down",6.44883548387097,"HSPC-low"
"ENSG00000183971","NPW",3.72619265893025,0,0.175345164123053,3.29836344828519e-16,"Up",NA,"Not-evaluated"
"ENSG00000163993","S100P",-3.72100818301551,4.27297280975342e-132,-0.208817084739968,1.3193732286549e-15,"Down",6.93670322580645,"HSPC-low"
"ENSG00000110446","SLC15A3",-3.68866257173868,1.55305962738144e-203,-0.158116306037719,1.86737353026855e-12,"Down",5.37580322580645,"HSPC-low"
"ENSG00000133048","CHI3L1",-3.68037440710095,1.49433202472617e-97,-0.260506754824336,6.7449940141235e-46,"Down",6.21046666666667,"HSPC-low"
"ENSG00000196549","MME",-3.62808533490221,1.5040058399293e-125,-0.214762940898229,2.33607906002317e-47,"Down",6.11841612903226,"HSPC-low"
"ENSG00000120306","CYSTM1",-3.62397966772905,4.76120658321095e-143,-0.194595047933779,1.54022269830079e-35,"Down",NA,"Not-evaluated"
"ENSG00000165072","MAMDC2",3.59201986566437,9.23343209969319e-244,0.262108264500436,8.74435687714125e-26,"Up",NA,"Not-evaluated"
"ENSG00000118113","MMP8",-3.50004266323999,3.7172247598238e-68,-0.343994808266595,5.38324651341227e-33,"Down",5.76778709677419,"HSPC-low"
"ENSG00000185291","IL3RA",3.48996010984202,2.00422339168227e-200,0.151773403635215,5.38639988142812e-23,"Up",6.13517741935484,"HSPC-low"
"ENSG00000110076","NRXN2",3.41564226438309,3.88094862517765e-297,0.211866724202946,4.10834172750858e-32,"Up",5.63815161290322,"HSPC-low"
"ENSG00000186529","CYP4F3",-3.40638454167324,3.5090457883223e-146,-0.401715944116073,5.30804328665441e-67,"Down",5.72072580645161,"HSPC-low"
"ENSG00000106665","CLIP2",3.37154874582148,4.07190543650434e-248,0.169838405974438,4.61319908550377e-33,"Up",5.90887419354839,"HSPC-low"
"ENSG00000115523","GNLY",-3.36932219891675,4.89149107877515e-64,-0.165068344650773,8.68707659292943e-20,"Down",5.6633935483871,"HSPC-low"
"ENSG00000172889","EGFL7",3.34797662653383,4.79591389371888e-176,0.161562122644117,4.03537654223323e-18,"Up",5.86786774193548,"HSPC-low"
"ENSG00000186431","FCAR",-3.34672584180505,7.04383765111394e-123,-0.191210790198834,1.84158285828291e-41,"Down",6.29772,"HSPC-low"
"ENSG00000096006","CRISP3",-3.3062771513525,5.02313122361187e-81,-0.523553217210797,3.01997826789817e-60,"Down",6.13311290322581,"HSPC-low"
"ENSG00000257335","MGAM",-3.28647577129976,1.76201172582292e-92,-0.274290636996518,3.57612761021474e-29,"Down",6.54062258064516,"HSPC-low"
"ENSG00000170458","CD14",-3.28503942602324,8.23143157151641e-96,-0.203269191444119,1.36264520137372e-12,"Down",5.5898064516129,"HSPC-low"
"ENSG00000172236","TPSAB1",3.2152308284791,5.63524408663916e-114,0.162494317215065,3.94334228587243e-15,"Up",6.14280387096774,"HSPC-low"
"ENSG00000198736","MSRB1",-3.08185133785653,1.4834983523529e-105,-0.164006532968381,1.39874866616186e-28,"Down",6.50695161290322,"HSPC-low"
"ENSG00000133101","CCNA1",3.06141129282735,1.9325652659044e-82,0.173762694291917,1.35129691370276e-15,"Up",5.85265806451613,"HSPC-low"
"ENSG00000113303","BTNL8",-3.05684956623876,1.93361153790112e-120,-0.154289911280841,6.03100181019374e-29,"Down",5.73775806451613,"HSPC-low"
"ENSG00000104918","RETN",-3.05463832666975,1.54008269095024e-71,-0.254498495407595,1.10077460999704e-32,"Down",5.96131612903226,"HSPC-low"
"ENSG00000165178","NCF1C",-3.05008857109669,1.13583682188938e-105,-0.201305523284587,2.55780182087636e-19,"Down",5.57199032258065,"HSPC-low"
"ENSG00000100453","GZMB",-3.02082542050045,1.79082975217318e-55,-0.173482245915444,1.23916110683259e-29,"Down",5.73351612903226,"HSPC-low"
"ENSG00000162444","RBP7",-3.00990779480571,5.2143246322338e-115,-0.285583722843537,2.60286353321017e-50,"Down",NA,"Not-evaluated"
"ENSG00000116729","WLS",-2.97732278193308,5.43893751115818e-117,-0.164941445350704,1.10319783193921e-45,"Down",6.02965806451613,"HSPC-low"
"ENSG00000008517","IL32",-2.95238542184159,1.09842704555068e-109,-0.165254180862186,8.81816863911688e-15,"Down",6.24958387096774,"HSPC-low"
"ENSG00000186652","PRG2",-2.9322588743087,1.06959406748544e-30,-0.169088824371169,6.53697509514328e-13,"Down",6.88611612903226,"HSPC-low"
"ENSG00000057704","TMCC3",-2.8975505720386,3.83287696072147e-159,-0.17689823284951,1.04114293753911e-35,"Down",NA,"Not-evaluated"
"ENSG00000116701","NCF2",-2.89729152490251,6.80435070964213e-121,-0.161668622004751,3.00083048788376e-16,"Down",6.49239032258064,"HSPC-low"
"ENSG00000102010","BMX",-2.89454348084292,9.3425767134658e-109,-0.232260393818715,5.52289302417314e-42,"Down",5.79732903225807,"HSPC-low"
"ENSG00000159496","RGL4",-2.80588795759087,1.76188987883526e-118,-0.248818562666424,5.30860191688667e-34,"Down",NA,"Not-evaluated"
"ENSG00000197253","TPSB2",2.80399568435263,1.97647485171767e-107,0.187985364575319,9.04335266078706e-16,"Up",5.93617741935484,"HSPC-low"
"ENSG00000134827","TCN1",-2.7758535380874,7.69497345455631e-77,-0.320774404738909,1.93894511622791e-32,"Down",5.9756,"HSPC-low"
"ENSG00000120708","TGFBI",-2.76658791902382,2.63918146707772e-100,-0.252692605922553,6.95980236318498e-25,"Down",6.39881290322581,"HSPC-low"
"ENSG00000085265","FCN1",-2.72736216755807,4.23063929465178e-95,-0.190222040437331,2.30959634031367e-24,"Down",5.99236129032258,"HSPC-low"
"ENSG00000206557","TRIM71",2.63302316719579,4.84421936632096e-206,0.158096107767311,5.53659379261029e-20,"Up",NA,"Not-evaluated"
"ENSG00000166527","CLEC4D",-2.5897525099577,3.96966814826141e-47,-0.27880826774123,4.60433805635647e-48,"Down",NA,"Not-evaluated"
"ENSG00000185527","PDE6G",2.57576329176729,2.53470508542773e-203,0.166756238242473,1.28331368852597e-26,"Up",5.59426451612903,"HSPC-low"
"ENSG00000184937","WT1",2.56414179879311,7.04950879320033e-262,0.221329125392971,1.56995861227891e-34,"Up",5.45446935483871,"HSPC-low"
"ENSG00000159339","PADI4",-2.5207116200401,1.05406314196421e-108,-0.259360834898832,3.58893577588669e-55,"Down",5.71982903225807,"HSPC-low"
"ENSG00000079385","CEACAM1",-2.46336249408101,5.02715195776567e-86,-0.251541799775403,1.01518244760281e-61,"Down",6.30206,"HSPC-low"
"ENSG00000137441","FGFBP2",-2.36247343283955,1.63883865084634e-44,-0.15485198547356,1.40383980386537e-18,"Down",NA,"Not-evaluated"
"ENSG00000100450","GZMH",-2.29340840150756,9.88395408204625e-33,-0.159762193656432,1.38599494181855e-16,"Down",5.91237419354839,"HSPC-low"
"ENSG00000139572","GPR84",-2.26715954869476,4.87779840459638e-67,-0.196459544454763,1.78193269657161e-31,"Down",NA,"Not-evaluated"
"ENSG00000035664","DAPK2",-2.23348815497435,3.36768499784484e-120,-0.183708205151417,1.06720746961688e-53,"Down",5.77890161290323,"HSPC-low"
"ENSG00000177398","UMODL1",2.22333126842074,2.96785545753327e-166,0.172813007967879,1.25192556039883e-12,"Up",NA,"Not-evaluated"
"ENSG00000182866","LCK",-2.05783996164499,2.18173782865649e-53,-0.158337899731292,3.01243400859929e-24,"Down",6.35355967741936,"HSPC-low"
"ENSG00000133063","CHIT1",-1.94404342692428,1.65974371052778e-63,-0.434617076826158,1.0168119186182e-88,"Down",5.41008709677419,"HSPC-low"
"ENSG00000181631","P2RY13",-1.92513690214017,2.01183264123831e-21,-0.226098326887066,4.79139279945593e-22,"Down",6.64140967741936,"HSPC-low"
"ENSG00000142405","NLRP12",-1.91856975794163,6.56462139385858e-32,-0.166889898587633,1.38688597006568e-25,"Down",NA,"Not-evaluated"
"ENSG00000070540","WIPI1",-1.90711592044047,1.78675337815444e-113,-0.163922321837438,2.19657914543538e-41,"Down",6.57298709677419,"HSPC-low"
"ENSG00000156575","PRG3",-1.89216602260639,8.12664448603186e-18,-0.302095655640506,2.45000182040188e-30,"Down",5.21005161290323,"HSPC-low"
"ENSG00000109272","PF4V1",-1.88489517247541,1.3652883975842e-64,-0.213017497097136,3.8047187591559e-44,"Down",5.58010967741935,"HSPC-low"
"ENSG00000188906","LRRK2",-1.86538234771936,2.34756738975096e-36,-0.20278755418551,2.000549560363e-21,"Down",NA,"Not-evaluated"
"ENSG00000152766","ANKRD22",-1.86238651782357,2.28481495485434e-39,-0.180659293212839,1.457978380832e-44,"Down",NA,"Not-evaluated"
"ENSG00000113088","GZMK",-1.8586413970699,1.87359227662139e-41,-0.166977030745699,3.84211101518447e-21,"Down",6.00831612903226,"HSPC-low"
"ENSG00000119919","NKX2-3",1.83789141669924,1.07405044940524e-89,0.179565619642584,1.03257107958909e-08,"Up",NA,"Not-evaluated"
"ENSG00000177508","IRX3",1.80278677430212,9.30974544636832e-89,0.184185280409115,2.43508066980288e-11,"Up",NA,"Not-evaluated"
"ENSG00000163739","CXCL1",-1.72578732829171,3.96892775732795e-57,-0.19680663319573,3.7638165640752e-25,"Down",5.58031290322581,"HSPC-low"
"ENSG00000130821","SLC6A8",-1.67893665179982,5.43340451518113e-79,-0.155974714229565,7.88926592126631e-15,"Down",5.70280752688172,"HSPC-low"
"ENSG00000086548","CEACAM6",-1.63660202094082,9.10489570894517e-22,-0.340966256982227,2.78590112556299e-31,"Down",5.93652096774194,"HSPC-low"
"ENSG00000172005","MAL",-1.55272231892006,1.61769254804994e-46,-0.189426224191312,7.23723380449702e-31,"Down",6.01833870967742,"HSPC-low"
